"","DJIA","MMM","AA","AXP","T","BAC","BA","CAT","CVX","CSCO","KO","DD","XOM","GE","HPQ","HD","INTC","IBM","JNJ","JPM","MCD","MRK","MSFT","PFE","PG","TRV","UTX","UNH","VZ","WMT","DIS"
"2012-01-03",12397.38,80.34,9.05,47.41,28.12,5.77,71.64,90.91,105.1,18.06,33.87,44.15,82.77,17.6,25.72,41.01,23.24,181.6,62.56,33.53,95,36.41,25.64,20.79,63.66,57.03,71.92,50.55,37.04,58.15,37.73
"2012-01-04",12418.42,81.01,9.26,47.44,28.17,5.78,71.75,91.75,104.92,18.41,33.65,44.64,82.79,17.79,25.7,41.6,23.78,180.86,62.18,33.74,95.53,36.45,26.24,20.6,63.63,56.79,72.29,51.28,36.55,57.55,38.26
"2012-01-05",12415.7,80.64,9.17,47.99,28.14,6.27,70.98,92.4,103.89,18.34,33.49,44.33,82.54,17.78,25.61,41.94,24.06,180,62.1,34.44,95.95,36.83,26.51,20.44,63.37,57.35,71.6,51.63,36.3,57.27,38.9
"2012-01-06",12359.92,80.23,8.98,47.47,27.88,6.14,71.41,92.63,103.14,18.27,33.28,43.71,81.92,17.88,25.51,42.04,23.92,177.93,61.56,34.13,96.69,36.57,26.92,20.41,63.21,57.37,71.18,51.81,36.2,56.87,39.31
"2012-01-09",12392.69,80.71,9.24,47.58,27.86,6.23,71.94,93.93,104.26,18.39,33.28,44.08,82.29,18.08,25.55,42.07,24.13,177.01,61.65,34.08,95.77,36.5,26.57,20.65,63.48,57.7,71.38,51.75,36.23,57.04,39.15
"2012-01-10",12462.47,81.12,9.25,47.86,27.95,6.59,72.39,96.69,103.85,18.25,33.48,44.75,82.5,17.95,25.79,42.36,24.24,176.73,61.91,34.8,95.83,36.62,26.67,20.76,63.18,58.1,73.24,51.65,36.42,56.91,39.03
"2012-01-11",12449.45,80.61,9.44,48.13,28.17,6.83,72.14,96.38,102.62,18.48,32.86,44.9,81.88,18.1,25.74,42.3,24.44,177.72,61.84,35.39,96.05,36.52,26.55,20.72,62.56,57.91,73.88,52.04,36.73,57.26,38.11
"2012-01-12",12471.02,81.1,9.73,48.82,28.29,6.75,72.89,98.61,99.96,18.56,32.63,45.66,81.56,18.15,26.04,42.23,24.39,175.99,61.94,35.57,96.66,36.71,26.82,20.81,62.69,57.81,74.4,51.9,36.75,57.35,38.14
"2012-01-13",12422.06,80.45,9.61,48.93,28.24,6.57,72.01,99.13,101.02,18.47,32.35,45.95,81.69,18.06,25.6,42.35,23.81,174.64,61.97,34.68,96.45,36.43,27.06,20.66,62.69,57.39,73.28,51.73,36.75,57.39,37.82
"2012-01-17",12482.07,81.05,9.57,49.38,28.41,6.44,72.63,99.99,101.62,18.72,32.52,46.08,82.47,17.97,25.57,42.57,23.72,175.46,61.83,33.7,96.64,36.91,27.07,20.76,63.12,57.7,74.21,52.59,36.85,57.69,37.9
"2012-01-18",12578.95,81.86,9.82,49.72,28.49,6.76,72.45,101.3,101.73,18.94,32.64,46.95,83.2,18.24,26.09,43.68,24.05,176.5,61.99,35.27,97.62,36.95,27.04,20.79,63.4,57.9,74.75,52.95,36.84,57.84,38.43
"2012-01-19",12623.98,82.57,9.98,50.1,28.57,6.92,72.93,102.75,101.82,19.18,32.57,46.9,83.76,18.36,26.23,44.19,24.28,175.96,61.9,35.65,97.33,37.32,26.93,20.66,63.45,58.29,74.35,51.36,36.83,58.42,38.84
"2012-01-20",12720.48,82.42,9.97,49.21,28.66,7.03,72.9,102.65,101.78,19.31,32.88,46.92,84.2,18.36,27.18,43.32,24.99,183.76,61.98,36.07,97.79,37.27,28.46,20.72,63.59,59.54,73.87,51.31,36.8,58.81,38.72
"2012-01-23",12708.82,82.38,10.05,48.62,28.55,7.21,72.89,103.35,101.9,19.22,33.09,46.85,84.18,18.16,27.71,43.68,25.3,185.18,61.72,36.36,97.03,36.86,28.48,20.54,62.41,58.28,74.04,51.47,36.26,58.71,38.66
"2012-01-24",12675.75,82.69,10.07,48.41,28.26,7.25,72.74,103.28,101.62,19.21,32.78,46.91,83.9,18.06,27.56,43.76,25.48,187.08,61.72,36.36,94.91,36.87,28.1,20.49,61.93,56.07,74.92,50.39,35.69,59.17,38.66
"2012-01-25",12756.96,83.22,10.27,49.33,28.38,7.31,73.19,105.96,102.58,19.22,33.04,48.03,83.94,18.34,27.36,44.05,25.48,186.89,61.93,36.3,95.38,36.77,28.31,20.55,62.39,57.18,74.8,50.62,35.59,59.25,38.96
"2012-01-26",12734.63,84.28,10.15,49.15,27.66,7.26,72.69,108.15,101.5,19.22,32.84,48.36,83.51,18.28,27.05,43.75,25.34,186.16,62.38,36.19,95.33,36.87,28.25,20.47,62.22,56.75,74.57,49.43,35.26,58.77,38.75
"2012-01-27",12660.46,84.16,10.22,49.02,27.39,7.25,71.96,108.13,98.99,18.96,32.56,48.15,82.6,18.24,26.94,43.67,25.32,185.65,62.25,35.92,94.86,36.62,28,20.32,61.74,56.12,74.77,50.08,35.14,58.52,38.66
"2012-01-30",12653.72,84.05,10.12,48.3,27.56,7.03,71.58,107.28,98.47,18.96,32.57,48.39,82.28,18.12,26.94,43.57,25.33,187.64,62.39,35.73,94.86,36.97,28.36,20.42,60.69,56.17,74.76,50.13,35.52,59.09,38.4
"2012-01-31",12632.91,83.44,9.96,49.3,27.62,7.09,71.6,106.03,98.19,19.05,32.61,48.31,80.59,17.94,27.04,43.2,25.03,187.74,62.58,36.01,95.2,36.38,28.28,20.25,60.53,56.36,75.47,50.84,35.56,59.14,38.31
"2012-02-01",12716.46,84.06,10.03,49.78,27.8,7.32,72.75,107.39,97.88,19.19,32.76,48.95,80.81,18,27.79,43.28,25.15,187.76,62.37,36.3,94.58,36.73,28.63,20.37,60.69,57.3,77.27,52.28,35.69,59.94,38.74
"2012-02-02",12705.41,84.13,10.24,50.31,27.98,7.41,72.61,107.2,98.74,19.19,32.75,48.8,80.39,17.98,27.54,43.27,25.09,186.69,62.28,36.25,94.79,36.54,28.69,20.18,60.8,57.41,77.08,51.58,35.47,59.7,38.32
"2012-02-03",12862.23,84.42,10.58,51.38,28.13,7.8,73.69,110.71,100.46,19.47,32.87,49.38,81.73,18.24,28.09,43.96,25.53,188.75,62.33,36.95,96.13,36.48,28.96,20.27,60.27,58.12,78.07,50.37,35.73,59.79,39.4
"2012-02-06",12845.13,84.26,10.56,50.95,28.15,7.92,72.84,110.55,101.58,19.57,32.85,49.16,82.53,18.26,27.79,43.99,25.51,187.95,61.9,36.82,95.63,36.51,28.93,20.03,60.98,57.35,77.61,50.35,36.02,59.65,39.85
"2012-02-07",12878.2,84.58,10.49,51.26,28.22,7.81,72.59,110.58,101.73,19.58,33.1,49,83.1,18.39,27.97,44.24,25.44,188.47,61.97,36.56,96.99,36.73,29.07,20.12,61.16,57.75,77.33,51.08,35.81,59.46,40.36
"2012-02-08",12883.95,84.65,10.49,50.78,28.2,8.08,73.27,110.81,101.66,19.8,32.99,49.03,82.56,18.45,28.47,43.96,25.64,188.81,61.95,36.97,96.16,36.53,29.37,20.09,61.11,57.86,78.74,51.18,35.81,59.4,40.65
"2012-02-09",12890.46,84.7,10.46,51.44,28.17,8.13,73.69,109.63,101.29,19.38,32.82,49.42,82.14,18.34,28.13,44.06,25.65,188.99,61.61,36.55,96.11,36.27,29.47,20.21,61.49,57.9,80.7,52.09,35.81,59.72,40.9
"2012-02-10",12801.23,83.85,10.12,50.95,28.03,8.02,72.77,108.58,100.25,19.29,32.8,48.56,81.09,18.1,27.73,44.12,25.49,188.29,61.34,36.31,95.61,36.04,29.21,20.12,61.34,57.4,80.43,52.34,35.59,59.67,40.82
"2012-02-13",12874.04,84.71,10.16,51.2,28.22,8.2,72.67,110.48,101.3,19.41,33.05,48.43,81.69,18.28,27.78,44.7,25.49,188.49,61.42,36.97,95.78,36.23,29.29,20.36,61.67,57.03,81.76,52.86,36.01,59.56,41.16
"2012-02-14",12878.28,84.67,10.04,51.09,28.24,7.93,73.36,111.21,101.4,19.45,33.27,47.53,81.93,18.16,28.1,44.83,25.57,188.1,61.35,36.61,95.68,36.33,29.16,20.39,61.91,57.19,81.53,53.46,35.92,59.97,40.97
"2012-02-15",12780.95,84.29,9.93,50.66,28.06,7.74,73.02,109.34,100.75,19.3,33.03,47.33,81.4,17.99,28.14,44.49,25.38,188.13,61.39,36.1,94.78,36.15,28.97,20.18,61.98,57.32,80.02,53.62,35.72,59.53,40.63
"2012-02-16",12904.08,84.91,10.11,51.99,28.2,8.04,73.08,110.73,102.21,19.57,33.25,48.36,82.65,18.23,28.88,44.7,25.62,188.88,61.64,36.68,95.41,36.26,30.17,20.39,62.6,57.46,80.62,53.79,35.93,59.8,40.91
"2012-02-17",12949.87,84.83,9.98,51.98,28.19,7.97,73.16,110.72,102.34,19.67,33.34,49.27,82.85,18.48,28.59,45.46,26.13,189.27,61.71,37.14,96.11,36.66,30.13,20.26,62.33,57.86,81.16,53.68,36.32,60.22,41.12
"2012-02-21",12965.69,84.87,10.23,51.97,28.5,8.06,73.52,111.74,104.02,19.73,33.23,49.38,83.77,18.61,28.36,45.66,25.93,189.24,61.76,37.13,96.59,36.25,30.31,20.29,61.85,57.3,81.34,54.31,36.35,57.9,40.94
"2012-02-22",12938.67,85.02,10.2,51.91,28.44,7.9,73.85,112.53,103.15,19.5,33.44,49.08,84.11,18.59,27.96,45.32,25.52,189.71,61.72,36.75,96.75,36.34,30.15,20.42,61.87,56.98,81.33,54.17,36.08,56.48,40.65
"2012-02-23",12984.69,85.16,10.28,51.79,28.61,7.97,73.65,112.91,103.97,19.61,33.4,49.22,84.21,18.68,26.14,45.69,25.45,193.37,61.81,37.16,96.89,36.61,30.24,20.1,63.78,57,80.88,53.93,36.01,56.43,40.85
"2012-02-24",12982.95,85.45,10.25,52.44,28.5,7.83,73.85,112.71,104.67,19.52,33.32,48.8,84.52,18.61,25.74,45.72,25.49,193.52,61.75,36.95,96.42,36.32,30.35,20.25,64.05,56.65,81.35,54.63,36.02,56.67,40.69
"2012-02-27",12981.51,85.32,10.15,53.28,28.52,7.99,73.02,112.35,105.19,19.55,33.23,49,84.41,18.44,25.36,45.67,25.67,193.29,61.74,37.71,96.46,36.27,30.22,20.32,64.04,56.65,81.02,54.71,36.01,56.35,41.01
"2012-02-28",13005.12,85.03,10.19,52.86,28.68,8.07,72.98,112.48,105.17,19.58,33.24,49.18,84.32,18.53,25.3,45.97,26.01,193.73,62.44,37.85,96.58,36.49,30.73,20.29,64.71,56.46,80.86,54.82,36.03,56.8,41.3
"2012-02-29",12952.07,84.87,10,52.01,28.73,7.93,72.77,110.97,104.7,19.27,33.73,48.66,83.7,18.43,24.46,46.3,25.66,192.51,62.34,37.88,96.09,36.29,30.6,20.2,64.93,56.04,81.25,54.73,35.99,56.95,41.35
"2012-03-01",12980.3,84.76,10.1,52.68,28.77,8.08,72.9,110.18,105.32,19.27,33.61,49.12,84.02,18.49,24.4,46.19,25.65,193.29,62.1,38.97,96.07,35.93,31.13,20.54,64.01,56.47,81.53,55.12,36.29,56.7,41.75
"2012-03-02",12977.57,84.79,10.07,52.11,29,8.09,72.72,109.3,105.17,19.15,33.4,49.24,83.54,18.35,24.47,46.14,25.7,194.55,62.04,39.22,96.31,36.06,30.93,20.47,64.02,56.08,81.9,54.98,36.52,56.88,41.72
"2012-03-05",12962.81,84.34,9.7,52.09,29.11,7.93,71.98,106.97,104.9,19,33.43,48.7,84.2,18.23,24.17,46.12,25.34,196.36,62.18,39,96.73,36.55,30.66,20.55,64.28,56.55,80.69,54.19,36.83,57.26,42.05
"2012-03-06",12759.15,82.3,9.31,50.88,28.86,7.68,70.45,102.93,104.45,18.88,33.2,47.88,83.09,17.82,23.35,45.43,25.41,193.03,61.64,37.96,96.68,35.59,30.43,20.33,64.18,55.09,78.85,53.62,36.54,56.84,41.36
"2012-03-07",12837.33,82.8,9.39,51.4,29,7.98,71.38,105.21,105.03,18.81,33.21,48.07,83.06,18.15,23.54,46.41,25.69,193.53,61.59,38.57,96.97,35.47,30.7,20.43,63.93,55.37,79.99,53.55,36.71,57.7,41.12
"2012-03-08",12907.94,84,9.6,52.07,29.12,8.02,72.01,107.15,105.58,19.07,33.45,48.88,82.09,18.41,23.81,46.83,25.63,195.52,62.12,39.04,93.85,35.56,30.86,20.52,64.24,55.6,80.92,54.75,37.04,58,41.38
"2012-03-09",12922.02,84.09,9.64,52.31,29.29,8.01,71.16,107.1,105.14,19.19,33.56,49.29,81.58,18.42,23.36,47.1,25.85,196.32,62.02,39.61,93.73,35.75,30.84,20.53,64.26,56.1,80.94,54.92,36.92,58.3,41.6
"2012-03-12",12959.71,84.81,9.7,51.89,29.53,7.95,71.46,105.85,105.55,19.22,33.87,49,82.79,18.5,23.34,47.58,25.77,196.69,62.36,39.14,93.56,36.22,30.89,20.59,65.01,56.1,81.37,54.17,37.13,58.88,41.7
"2012-03-13",13177.68,85.98,10.14,53.35,29.71,8.45,72.15,110.09,106.69,19.6,34.17,50.42,84.05,18.95,23.86,48.12,26.25,199.41,62.58,41.89,93.67,36.8,31.5,21.04,65.2,56.87,83.86,54.47,37.28,59.19,43.34
"2012-03-14",13194.1,86.1,10.11,55.21,29.54,8.8,73.04,109.09,106.21,19.58,34.15,50.4,83.24,19.14,23.64,48.44,26.22,200.33,62.34,42.07,94.17,36.74,31.59,20.96,65.15,57.4,84.1,54.92,37.27,59.27,42.82
"2012-03-15",13252.76,87.19,10.17,55.78,29.72,9.2,73.24,110.23,105.58,19.3,34.21,51.26,83.31,19.5,23.69,48.18,26.5,201.58,62.33,43.15,94.89,36.59,31.67,20.95,64.99,57.53,84.17,54.85,37.34,59.41,42.81
"2012-03-16",13232.62,86.77,10.36,55.61,29.67,9.76,73.01,110.36,105.82,19.41,34.12,51.09,83.65,19.54,23.78,48.03,26.48,201.59,62.38,43.03,94.53,36.56,31.43,20.97,64.57,57.64,82.81,54.73,37.37,59.04,42.54
"2012-03-19",13239.13,86.94,10.42,56.32,29.73,9.49,73.21,110.51,106.22,19.52,34.24,50.96,84.18,19.55,23.64,47.82,26.49,201.31,62.47,43.44,94.59,36.42,31.04,20.92,64.53,57.57,81.98,55.26,37.44,58.94,42.78
"2012-03-20",13170.19,86.56,10.26,55.96,29.86,9.77,72.96,107.62,104.67,19.94,34.33,50.44,83.8,19.41,23.29,48.35,26.5,199.87,62.23,43.81,94.52,36.3,30.84,20.84,64.53,57.6,80.66,53.93,37.42,58.8,42.59
"2012-03-21",13124.62,86.14,10.1,56.1,29.91,9.78,72.83,105.91,103.54,19.87,34.59,50.35,83.23,19.41,22.78,48.76,26.52,200.3,62.03,43.56,93.62,36.24,30.76,20.81,64.52,56.97,80.13,53.14,37.56,58.76,42.62
"2012-03-22",13046.14,85.81,9.84,56.34,29.78,9.56,71.77,103.41,101.09,19.75,34.74,49.98,82.57,19.2,22.36,48.65,26.64,201.08,61.75,43.1,92.73,36.14,30.85,20.77,64.83,56.45,79.51,53.05,37.45,58.85,42.64
"2012-03-23",13080.73,85.7,9.94,56.3,29.61,9.81,71.82,104.77,102.06,19.9,34.77,50.37,82.79,19.13,22.95,48.51,26.62,201.07,61.83,43.6,92.48,36.54,30.86,20.86,64.74,56.67,79.24,52.83,37.22,58.95,42.99
"2012-03-26",13241.63,86.34,10.05,57.68,29.86,9.89,73,105.67,103.48,20.2,34.97,50.96,84.22,19.39,23.2,49.09,26.92,203.31,62.43,44.57,93.86,37.16,31.42,21.18,64.77,57.3,80.89,54.25,37.14,59.39,43.71
"2012-03-27",13197.73,86.36,9.89,57.25,29.72,9.56,72.64,105,102.71,20.27,34.96,51.03,83.82,19.38,22.94,49,26.92,202.74,62.65,44.3,94.22,37.3,31.35,21.51,64.48,56.94,80.51,54.57,36.51,59.28,43.48
"2012-03-28",13126.21,85.69,9.66,58.08,29.46,9.71,72.17,101.3,101.61,20.43,35.34,50.67,83.09,19.35,22.9,48.87,26.54,202.84,62.86,44.67,93.97,36.83,31.03,21.42,64.51,57.22,78.97,54.58,36.13,59.38,42.85
"2012-03-29",13145.82,86,9.86,56.93,29.31,9.49,71.93,103.01,102.53,20.38,35.9,50.48,83.3,19.3,22.83,48.87,26.89,203.8,62.78,44.09,94.51,36.54,30.97,21.43,64.34,57.11,79.75,57.21,35.95,59.02,42.36
"2012-03-30",13212.04,86.43,9.85,56.9,29.33,9.53,72.21,103.5,102.87,20.5,36,50.63,83.93,19.41,23.14,49.26,26.85,204.17,63.18,44.39,94.95,36.91,31.1,21.65,64.53,57.64,80.35,58.03,36.1,59.39,43.12
"2012-04-02",13264.49,86.45,10,57.04,29.54,9.64,72.99,104.21,103.92,20.54,36.06,51.1,84.26,19.36,23.19,48.95,27.1,204.98,63.42,44.53,95.2,37.02,31.13,21.6,64.87,57.77,80.14,58.21,36.37,59.54,43.18
"2012-04-03",13199.55,86.02,9.89,57.62,29.52,9.45,72.48,103.2,102.8,20.26,35.87,51.01,83.06,19.31,22.77,48.96,26.84,205.01,63.11,44.13,96.21,37.22,30.79,21.55,64.42,57.72,79.63,58.48,36.32,58.85,42.64
"2012-04-04",13074.75,85.1,9.64,56.61,29.65,9.16,71.53,103.25,101.33,19.81,35.73,50.37,82.23,19.09,22.6,48.81,26.67,201.63,62.64,43.15,94.35,37.39,30.09,21.4,64.58,57.66,79.36,58.15,36.25,58.47,42.28
"2012-04-05",13060.14,84.55,9.47,57.33,29.47,9.19,71.45,102.87,100.51,19.67,35.73,50.44,82.08,18.85,22.44,49.57,26.8,201.06,62.59,43.08,95.46,37.37,30.39,21.36,64.63,57.33,79.05,58.1,36.03,58.87,42.43
"2012-04-09",12929.59,83.64,9.44,56.4,29.19,8.89,70.33,100.63,99.3,19.42,35.44,49.72,81.17,18.57,22.47,49.53,26.51,200.54,62.19,42.65,95.71,37.23,29.98,21.08,64.15,56.52,77.72,57.24,35.84,58.35,41.47
"2012-04-10",12715.93,81.94,9.16,55.44,28.7,8.5,68.55,97.58,97.34,19.02,35.03,48.86,79.51,18.13,22.6,48.33,26.21,197.99,61.5,41.74,94.54,36.96,29.38,21.02,63.71,56.23,76.03,56.67,35.21,58.15,40.37
"2012-04-11",12805.39,82.69,9.73,56.2,29,8.82,69.68,98.87,96.87,19.48,35.08,49.24,80.03,18.39,22.73,48.72,26.59,198.23,61.43,42.76,95.4,36.99,29.26,20.98,63.79,56.64,77.14,57.12,35.76,58.03,40.74
"2012-04-12",12986.58,84.15,10,57.27,29.38,9.13,71.36,103.42,98.44,19.52,35.13,50.16,80.9,18.67,24.37,49.58,27.19,200.92,61.45,43.57,94.51,36.79,29.87,20.96,63.46,57.55,78.63,57.56,35.93,58.36,41.51
"2012-04-13",12849.59,83.02,9.68,56.52,29.09,8.64,70.8,102.89,96.7,19.31,34.99,49.78,80.27,18.26,23.86,49.9,26.82,198.45,60.87,41.99,93.86,36.32,29.7,20.89,63.19,56.59,77.31,57.15,35.65,58,41.22
"2012-04-16",12921.41,83.7,9.69,57.06,29.16,8.75,70.57,103.71,97.4,19.2,35.23,50.45,81.3,18.28,23.61,50.62,27.13,198.37,61.29,42.1,93.48,36.48,29.96,21.01,64.12,57.6,77.38,56.47,35.81,58.78,41.03
"2012-04-17",13115.54,84.72,9.82,57.41,29.42,8.88,71.94,105.34,99.43,19.54,35.97,51.11,82.69,18.71,24,50.95,27.18,203,61.52,42.66,93.99,37.02,30.31,21.33,64.35,58.41,78.7,57.2,36.11,60.04,42.03
"2012-04-18",13032.75,84.41,9.78,57.27,29.29,8.88,71.57,106.11,99.21,19.52,36.07,50.98,82.98,18.47,24.21,50.73,26.69,195.84,60.6,42.06,94.22,36.91,30.02,21.46,64.09,57.91,78.66,56.43,36.03,60.22,41.85
"2012-04-19",12964.1,84.09,9.59,56.81,29.28,8.73,70.98,104.76,98.36,19.37,35.9,50.35,82.52,18.51,24,50.49,26.44,195.23,60.38,42,92.22,36.87,29.9,21.36,63.92,60.08,77.89,57.8,36.5,59.92,41.44
"2012-04-20",13029.26,84.75,9.54,56.69,29.4,8.32,71.41,105.12,98.37,19.37,36.05,50.36,82.54,18.73,23.8,50.39,26.35,195.32,61.03,41.51,92.86,37.23,31.26,21.57,64.82,61.1,78.47,58.59,37.06,60.6,41.71
"2012-04-23",12927.17,84.41,9.47,56.56,29.16,8.14,70.74,104.31,98.29,19.15,35.84,49.59,82.92,18.44,23.57,50.04,26.21,194.36,60.7,41.64,92.14,36.79,30.97,21.4,64,61.26,77.26,58.27,36.9,57.77,41.37
"2012-04-24",13001.56,85.73,9.5,56.87,30.21,8.17,71.08,105.77,98.86,18.89,36.05,50.42,83.52,18.9,23.73,50.17,26.08,195.71,61.09,42.05,91.56,36.79,30.77,21.63,64.33,61.7,77.35,57.81,37.79,56.06,41.54
"2012-04-25",13090.72,86.03,9.65,58.13,30.23,8.22,74.84,100.93,99.65,18.96,36.44,51.49,84.04,18.81,24.11,50.83,26.6,199.2,61.72,41.94,92.16,36.94,31.04,21.87,64.77,62.1,77.32,57.96,37.77,55.66,42.05
"2012-04-26",13204.62,86.53,9.69,58.8,30.9,8.23,74.75,101.86,101.92,19.07,36.82,51.43,83.29,18.98,24.15,50.79,26.94,201.17,62.03,42.56,92.76,36.98,30.96,22.05,64.75,63.07,78.71,57.47,38.4,57.2,42.7
"2012-04-27",13228.31,86.57,9.59,59.37,31.12,8.21,75.02,102.03,101.9,19.44,37.27,51.41,83.3,19.13,24.03,50.87,27.1,202.37,62.11,42.11,94.26,36.97,30.83,22.06,62.4,62.33,79.44,57.01,38.49,57.28,42.69
"2012-04-30",13213.63,86.57,9.57,59.41,31.35,8.07,74.57,100.28,102.25,19.61,37.12,51.16,83.55,18.94,24.04,50.71,27.12,202.64,62.36,41.76,94.32,37.72,30.87,21.89,61.62,62.63,79.09,55.28,38.63,57.16,42.46
"2012-05-01",13279.32,86.8,9.8,60.16,31.49,8.27,75,99.64,103.89,19.44,37.42,51.4,84.23,19.15,24.44,51.23,27.64,203.54,62.48,42.55,94.08,37.85,30.86,21.78,61.56,62.9,78.89,56.25,38.81,57.32,43.13
"2012-05-02",13268.57,86.73,9.57,60.24,31.47,8.12,75.01,100.14,102.7,19.3,37.53,51.36,83.41,19.12,24.52,51.62,27.86,203.6,62.58,41.98,94.38,37.77,30.66,21.66,61.95,63.04,79,55.78,38.84,57.26,42.88
"2012-05-03",13206.59,86.6,9.42,60.05,31.54,7.96,74.6,98.23,101.7,19.19,37.66,50.97,82.88,18.97,23.77,51.38,27.47,202.79,62.59,41.79,93.93,37.65,30.62,21.61,62.47,63.05,78.38,54.86,38.88,57.24,43.15
"2012-05-04",13038.27,85.9,9.21,59.3,31.3,7.71,73.64,96.05,99.52,18.6,37.45,50.62,81.84,18.71,23.57,50.88,26.83,200.59,62.02,40.57,92.79,37.34,29.87,21.4,62.24,62.8,77,53.87,38.52,56.96,42.28
"2012-05-07",13008.53,85.26,9.17,59.3,31.43,7.92,73.75,94.83,99.13,18.56,37.59,50.47,81.75,18.69,23.18,50.32,26.7,199.38,62.07,40.6,92.45,37.05,29.55,21.46,62.21,62.89,76.44,54.4,38.78,57.43,43.16
"2012-05-08",12932.09,84.83,9.05,59.1,31.47,7.75,73.21,94.15,98.68,18.2,37.52,50.42,81.31,18.62,22.65,49.57,26.32,197.98,62.25,40.21,90.55,37.13,29.41,21.43,62.13,62.7,76.36,54.96,38.8,57.3,43.63
"2012-05-09",12835.06,84.55,9,58.67,31.25,7.7,72.32,93.66,97.66,18.27,37.34,49.85,80.62,18.29,22.65,49.07,26.15,197.74,61.57,39.49,88.98,36.62,29.66,21.67,61.65,62.24,74.6,54.37,38.51,57.67,44.34
"2012-05-10",12855.04,84.41,8.98,58.63,31.56,7.67,72.08,93.13,99.18,16.35,37.65,49.78,80.72,18.46,22.83,49.57,26.2,197.12,61.85,39.59,88.92,36.9,29.64,22.04,62.11,62.94,74.87,54.44,38.8,57.82,44.6
"2012-05-11",12820.6,84.02,8.94,58.85,32,7.52,71.84,93.19,98.53,16.06,37.68,49.77,80.97,18.39,22.48,49.29,26.57,197.68,61.63,35.91,88.95,36.56,30.04,21.87,61.66,62.92,74.77,54.35,39.38,58.05,44.87
"2012-05-14",12695.35,83.15,8.8,57.65,31.94,7.32,71.41,91.33,97.82,16.26,37.39,49.06,80.01,17.99,22.31,48.84,25.99,195.98,61.24,34.78,87.96,36.74,29.58,21.81,61.56,62.78,73.58,54.31,39.12,57.71,44.49
"2012-05-15",12632,83.1,8.59,57.17,31.77,7.27,70.88,90.43,96.82,16.09,37.24,48.39,79.69,17.8,21.75,47.66,25.85,195.59,60.93,35.21,88.09,36.28,29.32,21.53,61.7,62.46,73.79,54.09,39.28,57.98,44.33
"2012-05-16",12598.55,83.26,8.37,56.63,31.61,7.08,70.66,89.63,96.91,16.24,37.12,48.11,80.06,18.38,21.39,47.76,25.49,196.26,61.03,34.46,88.5,36.75,29.02,21.86,62.25,61.94,72.82,54.05,39.11,57.82,44.4
"2012-05-17",12442.49,82.27,8.38,54.91,31.71,6.95,68.1,85.67,96.95,16.1,36.54,47.13,79.81,18.26,21.42,46.04,25.19,194.46,60.88,32.97,86.74,36.56,28.84,21.78,61.93,61.05,71.49,54.03,39.58,60.26,43.66
"2012-05-18",12369.38,81.46,8.31,54.67,32.06,6.99,67.53,86.53,95.33,16.02,36.02,46.29,79.38,18.33,20.84,46.07,25.07,192.48,60.68,32.54,86.97,36.36,28.4,21.79,61.51,60.54,70.56,53.16,39.73,60.99,43.15
"2012-05-21",12504.48,82.39,8.48,55.58,32.03,6.8,70.1,89.75,96.52,16.22,36.24,47.16,79.94,18.49,21.26,46.62,25.15,194.33,60.8,31.59,88.34,36.14,28.87,21.76,61.38,61.05,71.85,54.69,39.55,61.59,43.72
"2012-05-22",12502.81,82.07,8.37,55.6,31.95,6.95,69.81,89.27,96.16,16.28,36.08,46.88,79.85,18.55,21.15,47.26,25.03,193.4,60.85,33.05,88.41,36.01,28.88,21.6,61.15,61.17,72.08,54.86,39.6,62.26,43.72
"2012-05-23",12496.15,82.72,8.49,55.23,31.78,7.14,69.9,90.23,95.85,16.24,36.26,47.02,79.94,18.55,20.47,47.73,24.47,192.72,60.61,33.29,88.54,35.89,28.25,21.33,60.41,61.46,72.2,54.5,39.5,63.09,43.54
"2012-05-24",12529.75,82.9,8.51,55.59,32.04,7.11,69.72,89.2,96.88,15.95,36.75,46.96,80.49,18.62,21.14,48.68,24.67,192.69,61.03,33.01,88.59,36.14,28.21,21.38,60.59,61.53,71.65,55.35,39.6,63.57,43.77
"2012-05-25",12454.83,82.7,8.51,55.07,32.09,7.12,68.36,87.76,95.71,15.89,36.59,46.71,79.97,18.57,21.68,48.41,24.75,190.93,60.46,32.55,88.13,36.1,28.2,21.37,60.51,60.95,71.19,55.25,39.66,63.8,43.83
"2012-05-29",12580.69,83.63,8.77,55.81,32.33,7.41,68.76,90.28,97.05,16.14,36.7,47.45,79.83,18.72,22.14,49.03,25.09,193.05,60.54,32.68,87.98,36.13,28.69,21.41,60.95,61.23,73.2,55.28,39.95,64.16,44.79
"2012-05-30",12419.86,82.38,8.46,54.72,32.23,7.18,67.77,87.99,94.52,15.95,36.51,46.74,77.74,18.42,22.08,48.96,25.13,191.15,60.17,32.03,87.22,35.95,28.47,21.28,60.34,60.26,71.89,55.3,39.63,63.93,44.52
"2012-05-31",12393.45,82.34,8.43,55.09,32.55,7.33,67.98,85.5,95.18,15.89,36.35,46.57,76.61,18.46,22.02,48.6,24.85,189.55,60.38,32.21,87.15,36.13,28.33,21.11,60.32,60.85,72.25,54.91,39.84,64.3,45.02
"2012-06-01",12118.57,80.82,8.19,52.72,32.29,7,65.67,83.45,93.34,15.53,35.55,45.56,75.92,17.93,20.64,47.24,24.18,185.8,59.76,31.03,84.58,35.74,27.61,20.89,59.6,58.99,70.21,54.19,39.26,64.04,43.73
"2012-06-04",12101.46,80.6,8.28,52.8,32.53,6.88,65.92,81.24,93.51,15.67,35.82,45.37,75.83,17.55,20.45,48.03,24.08,185.27,60.3,30.12,84.2,36.01,27.71,20.86,59.45,58.79,69.66,54.06,39.55,64.47,43.74
"2012-06-05",12127.95,80.49,8.33,53.26,32.44,7.08,66,81.62,93.42,15.68,35.62,45.68,75.61,17.64,21.05,48.19,24.46,185.92,60.17,31.08,84.95,36.05,27.67,20.85,59.23,59.2,69.1,55.17,39.42,63.99,44.16
"2012-06-06",12414.79,82.56,8.52,54.65,32.92,7.62,67.41,84.56,96.62,16.24,36.29,46.93,78.12,18.26,21.7,49.84,25.07,190.62,60.74,32.13,86.49,36.43,28.48,21.15,59.84,60.48,71.79,56.81,39.96,64.41,44.84
"2012-06-07",12460.96,83.41,8.43,54.51,32.54,7.4,68.32,85.03,97.19,16.13,36.13,47.31,78.62,18.38,21.42,50.47,24.95,191.07,60.74,31.88,86.21,36.85,28.37,21.18,60.77,60.74,73.51,56.56,39.84,64.35,44.94
"2012-06-08",12554.2,83.89,8.4,55.12,32.91,7.54,68.31,85.48,97.63,16.28,36.59,47.77,78.77,18.57,21.66,51.57,25.4,191.75,60.92,32.73,85.6,36.97,28.77,21.38,60.76,60.97,73.6,57.1,40.61,66.65,45.54
"2012-06-11",12411.23,83.09,8.21,54.37,32.95,7.26,68.47,83.13,96.73,16.03,36.31,46.96,78.21,18.48,20.91,50.58,24.99,189.17,60.09,31.89,84.47,36.98,28.05,21.34,60.56,60.4,72.75,56.57,40.72,65.97,45.11
"2012-06-12",12573.8,84.61,8.4,55.73,33.32,7.47,70.88,84.94,97.53,16.33,36.58,48.14,79.18,18.84,21.2,51.46,25.5,191.17,61.01,32.81,85.37,37.35,28.42,21.42,60.77,60.77,72.48,56.95,41.08,66.16,45.68
"2012-06-13",12496.38,84.02,8.36,54.37,33.32,7.48,70.38,83.22,96.94,16.21,36.58,47.39,78.56,18.73,20.98,50.21,25.52,189.75,62.34,33.33,85.81,37.32,28.27,21.42,60.59,60.49,71.69,57.32,41.13,65.52,45.53
"2012-06-14",12651.91,84.73,8.53,54.32,34,7.64,70.17,83.81,98.68,16.46,37.09,47.82,80.02,19.07,21.09,51.38,25.95,191.71,63.31,33.67,87.52,37.7,28.47,21.78,61.18,61.93,72.28,58.55,41.86,66.07,46.47
"2012-06-15",12767.17,85.3,8.7,55.53,34.02,7.88,70.31,84.82,101.01,16.64,37.26,48.48,81.09,19.34,21.14,51.09,26.29,195.65,63.85,34.04,88.28,37.84,29.13,21.83,60.89,62.21,72.62,58.2,41.67,66.19,46.38
"2012-06-18",12741.82,85.17,8.57,55.11,33.94,7.74,70.22,84.64,100.17,16.68,37.21,48.56,80.98,19.1,20.56,51.54,26.37,194.85,64.13,33.64,88.03,37.75,28.96,21.84,60.32,61.88,73.12,58.72,41.93,66.55,46.39
"2012-06-19",12837.33,85.67,8.78,56.19,33.79,8.08,71.22,86.69,100.75,16.71,37.09,49.27,82.31,19.34,20.33,52.18,26.46,195.48,64.53,34.38,87.4,38.12,29.79,21.93,60.24,62.25,74.48,59.55,41.84,66.25,46.79
"2012-06-20",12824.39,85.4,8.8,56.68,33.73,8.11,71.3,85.06,100.33,17.04,37,49.25,82.79,19.44,20.67,52.04,26.58,195.33,64.81,35.42,86.48,38.1,30.02,21.89,58.48,62.65,74,58.9,41.43,66.94,47.01
"2012-06-21",12573.57,84.61,8.43,55.57,33.37,7.8,69.7,82.92,96.84,16.47,36.57,47.81,80,19.05,19.83,50.49,25.69,190.03,64.22,34.5,85.49,38.34,29.25,21.82,57.86,61.4,72.94,57.65,41.46,66.14,46.68
"2012-06-22",12640.78,84.7,8.5,56.04,33.5,7.91,70.28,82.9,97.24,16.67,36.7,48.21,80,19.32,19.9,51.24,25.91,190.34,64.45,34.97,86.18,39.05,29.79,21.95,57.93,62.15,73.31,58.37,42.05,65.75,46.75
"2012-06-25",12502.66,83.75,8.28,55.31,33.29,7.58,69.39,80.88,95.93,16.48,36.61,47.57,79.16,19.04,19.1,50.75,25.05,189.51,64.32,34.32,85.96,38.67,28.99,21.69,57.43,60.98,71.9,57.01,41.76,66.61,45.99
"2012-06-26",12534.67,84.07,8.28,55.37,33.32,7.6,69.27,80.72,97.74,16.36,36.77,47.12,80.29,19.31,18.91,51.1,25.01,188.62,64.24,34.7,86.92,38.93,29.13,21.67,57.39,60.98,71.78,58.1,41.94,67,46.58
"2012-06-27",12627.01,85.02,8.41,56.13,33.52,7.75,70.19,80.26,99.31,16.28,37.38,47.88,81.07,19.64,19.06,50.78,25.22,189.65,64.65,35.74,86.17,39.39,29.28,21.83,58.08,61.64,72.3,58.59,41.89,67.01,47.15
"2012-06-28",12602.26,85.02,8.39,55.94,33.71,7.72,69.91,80.63,100.17,16.03,37.5,47.95,80.97,19.7,18.91,50.91,24.84,188.08,64.75,34.86,86.02,39.53,29.03,21.75,58.38,61.66,70.78,58.9,42.07,66.72,47.1
"2012-06-29",12880.09,87.41,8.63,57.44,33.97,8.15,72.56,82.85,102.14,16.7,38.29,48.8,83.38,20.33,19.64,52.2,25.63,192.19,65.35,34.72,86.36,40.57,29.69,22.21,59.31,62.64,73.63,57.81,42.52,68.11,47.77
"2012-07-02",12871.39,87.09,8.51,58.27,34.48,8.02,71.47,81.65,102.49,16.69,38.65,47.7,83.15,19.99,19.69,52.22,25.65,192.43,65.77,35.25,85.92,40.67,29.66,22.21,59.25,62.71,73.16,55.59,42.99,67.75,47.98
"2012-07-03",12943.82,87.5,8.78,58.82,34.29,8.03,72.53,84.36,103.95,16.76,38.76,47.85,84.07,19.93,19.89,50.88,25.83,192.53,65.81,35.15,86.41,40.63,29.85,22.08,59.42,62.92,73.85,54.23,43.01,69.12,47.86
"2012-07-05",12896.67,87.38,8.8,58.66,34.07,7.8,72.7,84.69,102.66,16.56,38.42,47.87,83.38,19.83,19.81,51.33,25.53,191.9,65.56,33.68,87.11,40.46,29.79,21.89,59.41,62.75,73.5,55.15,42.95,69.44,47.38
"2012-07-06",12772.47,86.81,8.61,58.05,34.18,7.64,71.97,82.56,101.73,16.39,38.27,47.19,82.63,19.51,19.12,51.37,25.16,188.09,65.42,33.21,87.46,40.34,29.3,21.76,59.34,62.07,72.23,55.16,42.98,69.71,47.31
"2012-07-09",12736.29,86.78,8.64,57.83,34.27,7.54,72.3,81.12,101.14,16.27,38.19,45.81,81.5,19.55,18.98,51.34,25.17,186.38,65.56,33.27,87.6,40.94,29.11,21.87,59.6,61.88,72.46,55.43,43.29,70.1,47.27
"2012-07-10",12653.12,86.09,8.29,57.81,34.18,7.46,71.51,78.32,100.57,16.04,38.19,45.98,80.98,19.14,18.67,51.44,24.58,183.03,65.66,33.56,88.04,40.2,28.86,21.67,59.77,62.02,72.29,55.04,43.25,70.45,46.64
"2012-07-11",12604.53,85.7,8.24,57.5,34,7.61,69.85,77.81,101.51,16.01,37.93,45.49,82.22,19.2,19.23,50.9,24.42,182.04,65.68,33.89,87.34,40.05,28.43,21.57,59.45,61.35,70.69,55.38,43.44,70.59,46.56
"2012-07-12",12573.27,84.29,8.19,56.37,33.63,7.46,70.03,77.71,101.69,15.62,37.53,45.21,81.96,18.96,18.9,50.78,23.79,179.91,65.49,33.35,89.68,41.7,27.78,21.89,61.68,61.07,70.04,53.92,43.22,70.64,46.69
"2012-07-13",12777.09,85.44,8.3,57.36,34.09,7.8,71.79,80.08,102.64,15.94,37.84,45.96,83.28,19.28,18.54,51.31,24.28,182.78,66.36,35.34,90.03,42.24,28.52,22.02,63.03,61.94,71.74,54.55,43.74,71.49,47.46
"2012-07-16",12727.21,85.94,8.22,58.06,34.16,7.79,71.27,79.18,103.38,15.82,37.45,45.91,82.87,19.11,18.37,50.68,24.17,181.58,66.21,34.38,89.4,42.13,28.57,22.33,62.76,61.37,71.37,54.51,43.8,71.3,47.14
"2012-07-17",12805.54,86.8,8.17,58.1,34.54,7.9,71.4,79.92,104.01,15.86,38.04,46.66,83.53,19.24,18.43,49.96,24.41,180.46,66.74,34.28,89.64,42.94,28.78,22.8,63.28,62.12,71.75,55.24,44.18,71.41,48.6
"2012-07-18",12908.7,88.64,8.22,57.71,34.9,7.51,72.16,81.03,104.45,16.32,37.92,47.21,84,19.35,18.85,50.15,25.21,184.98,67.1,34.25,89.96,42.7,29.55,22.85,63.31,62.79,72.97,55.68,44.4,71.17,48.6
"2012-07-19",12943.36,88.61,8.27,55.67,34.22,7.24,73.11,81.14,105.38,16.3,37.98,47.48,84,19.31,18.66,50.2,25.06,191.95,67.25,33.76,90.49,42.7,29.76,22.98,63.41,62.49,73.92,54.34,43.09,69.88,48.25
"2012-07-20",12822.57,87.79,8.15,55.26,34.03,7.05,72.16,79.49,105.71,15.99,37.72,47.16,83.75,19.38,18.18,49.94,24.54,189.11,66.38,33.21,89.34,42.19,29.23,22.88,63.22,61.53,72.37,54.75,43.05,70.58,47.86
"2012-07-23",12721.46,87.17,8.03,55.18,34.12,7.07,71.21,80.11,104.51,15.71,37.65,47.01,83.02,19.6,17.88,50.2,24.29,187.52,65.88,33.74,86.76,42.05,28.41,22.79,62.89,60.57,71.44,53.87,42.91,70.19,47.25
"2012-07-24",12617.32,86.08,7.91,55.08,33.4,7.02,70.35,79.96,102.92,14.78,37.54,46.07,82.41,19.48,17.57,50.4,24.05,187.04,65.14,34.03,85.9,41.49,28.29,22.57,62.53,59.74,70.13,54.25,42.35,70.48,47.43
"2012-07-25",12676.05,86.58,7.91,55.5,34.07,7.05,72.3,81.11,102.68,15.07,37.72,46.47,83.05,19.51,17.37,50.3,24.17,187.76,65.32,34.46,85.88,41.42,27.98,22.52,62.53,59.83,70.79,51.86,42.3,70.42,47.57
"2012-07-26",12887.93,88.37,8.08,57.19,35.01,7.15,73.16,81.8,104.82,15.03,38.61,47.06,84.3,20.06,17.59,52.12,24.52,190.58,66.49,35.09,86.82,42.11,28.3,22.68,63.06,60.45,71.1,51.4,43.02,71.97,48.96
"2012-07-27",13075.66,89.46,8.33,57.95,35.82,7.29,73.75,84.61,105.78,15.34,39.18,47.97,85.21,20.41,18.14,52.9,25.02,192.98,67.24,36.14,87,43.83,28.88,23.01,63.57,61.54,72.41,52.71,43.44,72.8,49.18
"2012-07-30",13073.01,89.04,8.33,57.71,36.1,7.26,73.11,84.15,106.32,15.51,39.72,47.93,85.31,20.29,17.84,52.45,24.77,193.27,67.17,35.41,87.14,43.23,28.76,22.89,63.58,62.02,73.09,52.63,43.49,73.25,49.05
"2012-07-31",13008.68,89,8.35,57.14,36.57,7.32,72.18,82.69,106.09,15.59,39.57,47.96,84.62,20.24,17.82,51.4,24.72,192.58,66.95,35.27,87.17,42.92,28.6,23.21,63.04,61.47,72.57,50.49,43.67,72.71,48.4
"2012-08-01",12971.06,88.97,8.34,56.24,36.3,7.2,71.07,81.16,106.98,15.62,39.67,48.19,84.68,20.22,17.25,50.91,24.94,191.79,67.11,35.27,87.24,43.03,28.54,23.33,62.52,62.15,72.91,50.6,43.74,71.92,48.08
"2012-08-02",12878.88,87.87,8.1,55.93,36.2,7.16,70.31,81.62,105.77,15.39,39.05,47.3,83.68,20.02,17.14,50.62,24.92,191.08,66.21,34.46,87.39,42.67,28.33,23.31,62.03,61.68,72.57,50.5,43.17,72.34,48.24
"2012-08-03",13096.17,89.45,8.28,57.04,36.24,7.41,71.11,83.49,107.58,15.98,39.58,47.74,85.3,20.45,17.84,51.51,25.45,195.08,66.86,35.36,87.39,42.9,28.87,23.66,63.97,62.51,74.88,51,43.02,72.83,49.02
"2012-08-06",13117.51,89.17,8.41,56.53,36.27,7.62,71.19,84.8,107.77,16.31,39.49,48.4,85.21,20.46,18.26,51.22,25.52,195.31,66.58,35.57,87.49,43.23,29.06,23.64,64.28,62.32,74.73,50.4,43.24,72.57,48.9
"2012-08-07",13168.6,89.45,8.51,57.07,36.11,7.65,72.72,85.65,108.39,16.75,39.06,48.6,85.67,20.6,18.52,51.61,25.71,196.46,66.05,36.26,86.83,42.76,29.37,23.13,64.68,62.17,76.16,51.92,43.03,72.28,49.06
"2012-08-08",13175.64,89.39,8.71,57.34,36.1,7.65,72.86,85.65,108.57,16.77,38.96,48.54,86.02,20.49,18.96,52,25.81,196.41,66.11,36.41,85.38,42.82,29.43,23.22,65.17,62.61,75.53,52.11,42.75,72.99,49.73
"2012-08-09",13165.19,89.35,8.77,55.91,35.9,7.7,72.54,86.81,109.05,17.3,38.8,48.77,86.5,20.54,18.96,52.35,25.9,195.81,66.08,36.17,85.01,43.03,29.6,23.26,65.18,62.68,75.1,51.4,42.9,72.54,49.2
"2012-08-10",13207.95,90.03,8.89,55.3,36.16,7.72,72.48,87.34,109.94,17.14,38.58,49.29,86.73,20.58,19.24,52.26,26.08,196.67,66.39,36.22,86.04,43.31,29.52,23.33,65.21,62.77,75.93,51.29,43.15,72.37,48.9
"2012-08-13",13169.43,90.14,8.74,55.57,36.06,7.7,72.46,87.01,109.67,16.95,38.49,48.88,86.44,20.47,19.17,52.03,25.89,196.39,66.22,36.24,85.75,43.17,29.49,23.11,64.93,62.53,75.52,51.29,42.83,72.09,49.11
"2012-08-14",13172.14,90.04,8.6,55.52,35.92,7.76,72.09,86.29,109.71,16.78,38.57,48.8,86.5,20.43,18.91,53.89,25.69,195.68,66.39,36.35,85.96,43.16,29.43,23.37,65.18,62.34,75.83,51.36,42.89,72.69,48.94
"2012-08-15",13164.78,90.27,8.64,56.1,35.78,7.85,71.79,86.03,109.86,16.96,38.54,48.93,86.3,20.45,18.84,54.18,25.49,195.79,66.11,36.32,85.66,42.82,29.5,23.42,65.09,62.55,76.56,52.2,42.76,73.13,49.14
"2012-08-16",13250.11,91.44,8.68,56.8,35.91,7.9,72.35,87,110.59,18.59,38.73,49.2,86.96,20.53,19.07,55.47,25.8,198.2,65.97,36.35,85.32,42.7,30.07,23.4,65.44,62.82,77.32,52.76,42.69,70.87,49.49
"2012-08-17",13275.2,91.93,8.66,57.02,35.85,7.97,72.62,88.39,109.95,18.63,38.72,49.29,86.69,20.48,19.07,55.88,25.54,198.57,65.58,36.23,85.22,42.12,30.18,23.18,65.44,63.9,78.89,52.5,42.63,70.71,49.7
"2012-08-20",13271.64,91.59,8.71,56.34,35.58,8.12,72.54,88.81,109.81,18.51,38.66,49.2,86.25,20.42,19.62,55.72,25.45,197.86,65.48,36.61,86.01,42.52,30.03,23.3,65.19,64.4,78.61,52.57,42.28,71.01,49.69
"2012-08-21",13203.58,90.93,8.73,56.04,35.29,8.16,71.99,88.66,109.28,18.73,38.45,49.05,85.77,20.34,19.47,55.48,25.33,196.04,65.56,37.27,86.35,41.73,30.09,23.08,65.21,64,77.81,52.79,41.5,70.16,48.89
"2012-08-22",13172.76,90.99,8.78,56.26,35.26,8.19,71.53,87.12,109.45,18.79,37.97,49.43,86.04,20.27,18.76,55.79,24.96,194.65,65.53,37.06,86.38,41.7,29.83,23.09,65.29,64.21,78.2,53.33,41.24,70.49,48.91
"2012-08-23",13057.46,90.3,8.54,55.86,35.26,8.12,69.13,86.05,108.61,18.7,37.32,48.89,85.62,20.13,17.23,55.7,24.29,193.13,65.52,36.48,86.09,41.59,29.56,23.13,65.13,63.58,77.75,53.28,40.88,70.29,48.43
"2012-08-24",13157.97,91.13,8.54,56.92,35.63,8.13,69.85,85.9,109.31,18.77,37.68,49,86.35,20.29,17.17,56.11,24.17,195.17,65.98,36.42,86.74,41.9,29.85,23.4,65.46,64.17,78.61,53.52,41.77,70.83,48.81
"2012-08-27",13124.67,90.9,8.39,56.85,35.56,8.04,70.13,85.07,109.04,18.92,37.38,48.61,86.05,20.34,16.81,55.82,24.1,193.12,65.87,36.48,87.35,41.84,29.98,23.28,65.55,63.95,79.08,53.96,41.37,71.21,48.88
"2012-08-28",13102.99,90.61,8.41,56.99,35.34,7.93,70.27,84.46,109.64,18.79,37.22,48.47,86.4,20.3,16.51,55.97,24.25,192.31,65.89,36.38,86.96,41.62,29.92,23.24,65.43,63.62,79.16,53.69,41.29,71.12,48.88
"2012-08-29",13107.48,90.74,8.45,56.85,35.51,7.97,70.19,84.54,109.11,18.77,36.69,48.6,86.2,20.31,16.55,56.28,23.93,192.51,65.76,36.55,87.45,41.85,29.94,23.35,65.31,63.58,78.7,53.99,41.69,71.48,49.28
"2012-08-30",13000.71,90.08,8.35,56.6,35.38,7.89,69.58,82.95,108.26,18.47,36.37,48.25,85.52,20.13,16.39,56.06,23.55,190.83,65.6,36.15,87.21,41.9,29.62,23.23,65.32,63.27,77.61,54.04,41.38,70.97,48.67
"2012-08-31",13090.84,90.91,8.47,57.72,35.34,7.96,70.15,83.79,109.46,18.65,36.63,48.42,85.61,20.2,16.49,56.19,24.09,192.29,65.81,36.39,87.98,41.84,30.11,23.25,65.62,63.52,78.38,53.66,41.55,71.31,48.72
"2012-09-04",13035.94,90,8.33,58.03,35.5,7.97,69.63,81.17,108.54,18.57,36.51,47.52,85.44,20.01,16.6,56.23,23.69,191.98,65.65,36.26,87.55,42.03,29.69,23.17,65.83,63.42,76.91,53.91,42.28,72.2,48.91
"2012-09-05",13047.48,90.07,8.43,56.62,35.62,7.93,70.66,81.26,108.1,18.47,36.74,47.47,85.64,20.14,16.87,55.98,23.66,192.47,65.66,36.36,87.56,42.21,29.69,23.31,65.72,63.31,76.6,53.64,42.38,72.24,50.02
"2012-09-06",13292,91.57,8.67,56.84,36.11,8.33,71.55,83.26,110.31,19.29,37.36,48.51,87.27,20.79,17.18,57.08,24.35,196.48,66.21,37.91,89.14,42.99,30.62,23.72,66.65,64.57,77.94,54.24,42.72,73.48,51.08
"2012-09-07",13306.64,91.12,9.01,57.16,35.97,8.78,71.61,86.51,111.26,19.12,37.12,49.2,88.18,21.06,17.02,56.69,23.47,196.88,66.25,38.5,89.49,42.81,30.23,23.62,66.92,64.44,77.95,54.23,42.3,72.51,50.96
"2012-09-10",13254.29,89.01,8.96,56.95,36.09,8.56,69.84,85.53,111.22,18.72,36.88,49.27,87.75,20.95,17.16,56.73,22.57,198.31,66.55,37.98,89.76,43.01,30.01,23.48,66.91,64.54,77.17,53.1,42.63,72.2,50.74
"2012-09-11",13323.36,89.5,9.24,56.66,36.28,9.01,70.02,87,111.43,18.61,36.99,49.68,87.89,21.06,17.67,56.16,22.64,200.6,66.57,38.8,89.67,43.08,30.08,23.55,66.67,66.16,77.31,52.18,42.8,72.74,50.78
"2012-09-12",13333.35,89.15,9.25,56.7,36.38,8.95,69.72,87.52,111.72,18.65,37.03,48.88,87.82,21.35,17.71,56.48,22.5,201.09,66.52,39.11,89.29,43.27,30.07,23.45,66.51,66.74,77.38,52.41,43.43,72.75,50.92
"2012-09-13",13539.86,90.38,9.53,58.47,36.79,9.38,70.33,89.05,113.75,18.92,37.81,49.76,89.47,21.48,17.95,57.72,22.66,203.65,67.34,40.56,90.03,43.81,30.22,23.63,67.3,67.64,79.05,53.47,44.1,73.8,51.8
"2012-09-14",13593.37,92.26,9.74,58.68,35.93,9.53,70.03,91.49,114.43,19.05,37.59,50.84,90.52,21.57,17.88,58.87,22.67,204.09,66.83,40.73,90.16,42.79,30.49,23.19,67.55,67.77,80.94,53.83,43.08,73.18,51.56
"2012-09-17",13553.1,92.07,9.48,58.59,36.26,9.28,68.7,90.33,114.32,18.73,37.81,50.3,90.13,21.51,17.92,58.33,22.61,204.42,66.61,40.36,90.59,43.17,30.49,23.4,67.64,67.67,80.64,54.05,43.13,72.67,51.36
"2012-09-18",13564.64,91.72,9.39,58.09,36.32,9.21,69.22,91.39,114.15,18.62,38.08,49.9,89.88,21.69,17.96,58.28,22.67,204.35,66.91,40.43,91.51,43.24,30.46,23.4,67.61,67.65,79.98,54.7,43.45,72.63,51.12
"2012-09-19",13577.96,91.92,9.37,58.09,36.42,9.27,68.68,92.25,113.79,18.69,37.98,50.24,88.82,21.88,17.82,58.88,22.46,203.71,66.96,40.5,91.27,43.67,30.33,23.54,67.65,67.42,80.22,54.52,43.8,73.05,51.9
"2012-09-20",13596.93,91.87,9.16,57.76,36.59,9.17,68.63,90.87,115.01,18.68,38.1,50.48,89.75,22.05,17.48,58.69,22.49,203.47,67.25,40.42,91.58,44.04,30.72,23.78,67.94,67.64,79.43,54.51,44.01,73.42,51.86
"2012-09-21",13579.47,91.51,9.04,57.29,36.72,9.09,68.75,90.07,114.96,18.47,37.5,50.41,90.14,22.15,17.31,58.83,22.44,203.27,67.4,40.05,92.13,44.06,30.47,23.89,67.8,67.8,79.27,55.74,44.16,73.13,51.94
"2012-09-24",13558.92,92.02,8.97,57.1,36.89,9.08,68.8,89.23,114.94,18.39,37.59,49.82,90.11,21.98,16.94,58.8,22.12,202.59,67.35,40.4,92.13,44.28,30.07,24.12,68.13,67.61,78.56,55.54,44.2,73.41,52.12
"2012-09-25",13457.55,91.13,8.75,56.56,36.71,8.91,68.17,85.44,114.11,18.25,37.15,49.1,89.97,21.93,16.45,59.13,21.87,202.28,67.66,39.73,91.3,44.25,29.69,24.2,67.97,67.67,77.32,55.76,44.14,72.94,51.75
"2012-09-26",13413.51,90.9,8.8,55.58,36.72,8.8,69.02,85.38,113.5,18.16,37.23,49.15,89.47,21.72,16.84,58.58,21.97,201.32,67.35,39.43,91.63,44.16,29.47,24.19,67.69,66.98,77.09,55.34,44.11,72.87,51.15
"2012-09-27",13485.97,91.12,8.9,56.01,36.64,8.95,68.87,85.36,114.38,18.38,37.78,49.48,90.03,22.34,16.96,59.29,22.4,203.2,67.36,39.86,91.7,44.37,29.46,24.32,67.69,67.6,76.91,55.8,44.27,72.66,51.78
"2012-09-28",13437.13,90.73,8.77,56.3,36.36,8.81,68.38,84.49,113.75,18.67,37.4,48.92,89.68,22.32,16.79,59.77,21.98,204.72,67.26,39.66,90.21,44.25,29.07,24.21,67.74,67.45,76.85,54.98,44.09,72.49,51.49
"2012-10-01",13515.11,91.58,8.82,57.16,36.41,8.94,68.78,83.93,114.43,18.61,37.84,49.01,90.03,22.42,16.94,59.97,22.08,207.7,67.47,40.14,90.44,44.36,28.81,24.4,67.83,68.25,76.91,56.02,44.32,72.73,51.28
"2012-10-02",13482.36,91.83,8.76,56.61,36.46,8.91,68.31,83.93,115.12,18.58,37.81,48.17,89.95,22.4,16.86,59.73,22.16,207.08,67.31,40.09,89.4,44.61,28.97,24.48,67.19,67.89,76.95,56.36,44.37,72.44,50.86
"2012-10-03",13494.61,92.07,8.69,57.03,36.81,9.09,68.64,83.74,113.34,18.64,37.71,48.11,89.93,22.52,14.68,61.16,21.88,207.74,67.35,40.33,88.83,44.91,29.17,24.67,67.56,68.19,77.12,56.42,44.78,72.88,51.68
"2012-10-04",13575.36,92.7,8.98,57.99,36.98,9.39,68.72,84.41,114.33,18.61,37.8,48.42,90.44,22.56,14.71,61.13,21.8,207.62,67.61,41.28,89.5,45.25,29.33,24.7,67.76,68.46,77.09,57.52,45.73,73.39,51.83
"2012-10-05",13610.15,93.22,9,58.18,36.94,9.3,69.65,83.89,114.67,18.57,38.04,49,90.76,22.72,14.5,62.57,22,207.82,67.98,41.17,89.47,45.4,29.16,24.87,68.01,68.74,77.07,56.68,46.02,73.79,52.17
"2012-10-08",13583.65,93.63,9.03,58.44,36.74,9.26,69.33,83.9,114.79,18.61,38.04,48.91,90.89,22.53,14.23,61.27,21.84,207.06,67.78,41.12,90,45.46,29.09,24.75,67.49,68.72,76.93,57.15,45.55,73.91,51.54
"2012-10-09",13473.53,92.22,9.04,57.87,36.23,9.19,69.4,83.22,114.53,18.51,38.02,48.17,90.35,22.23,14.14,60.34,21.25,205.25,66.77,40.84,90.56,45.29,28.6,24.66,67.1,68.5,75.91,57.02,45.11,72.82,50.73
"2012-10-10",13344.97,91.57,8.62,57.6,36.02,9.19,69.11,81.66,109.74,18.03,37.56,47.8,89.27,22.05,13.96,59.15,21.11,203.11,66.58,41.23,90.84,44.74,28.31,24.52,66.55,68.58,74.62,56.66,44.78,74.08,50.44
"2012-10-11",13326.39,91.13,8.68,58.09,35.38,9.32,69.59,81.36,110.34,17.98,37.58,47.47,89.41,22.13,14.03,58.42,21.03,203.05,66.34,41.55,90.81,44.59,28.28,24.48,66.42,68.34,74.65,57.21,44.21,73.68,49.58
"2012-10-12",13328.85,91.05,8.6,57.52,34.76,9.1,70.59,81.33,109.37,18.13,37.7,47.38,89.27,22.1,14.18,58.97,20.84,205.07,66.34,41.08,90.95,44.76,28.52,24.48,66.36,67.91,74.57,56.62,43.65,74.46,49.82
"2012-10-15",13424.23,91.09,8.71,57.22,34.35,9.42,70.99,81.32,110.1,18.27,37.6,47.7,89.74,22.25,14.24,60.05,21.08,206.18,66.96,41.83,91.93,45.71,28.83,24.92,67.11,68.96,74.75,57.04,43.53,75.78,50.02
"2012-10-16",13551.78,92.51,8.85,58.25,34.54,9.44,72.19,83.43,111.34,18.56,37.37,48.41,90.6,22.25,14.34,60.26,21.68,208.22,67.88,42.27,92.51,46.28,28.81,25.14,67.39,69.66,76.18,56.44,43.12,75.54,50.47
"2012-10-17",13557,93.08,9.09,58.99,34.85,9.42,72.34,85.07,112.41,18.42,37.21,48.51,91.59,22.52,14.49,60.78,21.14,197.99,69.3,42.76,92.1,46.49,28.91,25.18,68.41,70.54,77.1,55.55,43.75,75.66,51.5
"2012-10-18",13548.94,93.01,9.12,57.24,35.14,9.45,72.96,85.57,111.89,18.33,37.31,49.07,91.67,22.42,14.57,61.19,21.02,192.4,70.78,42.45,91.3,47.05,28.82,25.37,68.41,73.07,77.78,55.57,44.78,75.2,51.63
"2012-10-19",13343.51,91.24,8.92,56.49,34.46,9.42,72.71,82.85,110.65,17.76,36.88,48.02,90.37,21.65,14.25,61.28,20.63,190.82,70.14,41.77,87.23,46.14,27.98,25.1,67.52,72.64,76.56,55.22,44.18,74.28,51.12
"2012-10-22",13345.89,90.84,9.01,56.38,34.4,9.53,72.41,84.05,110.03,17.91,36.71,48.43,90.41,21.33,14.48,61.42,20.82,191.84,70.06,41.54,86.96,45.6,27.35,24.94,67.45,73.11,76.4,56.1,43.79,74.3,51.01
"2012-10-23",13102.53,87.11,8.69,55.02,34.15,9.34,71.55,82.57,106.75,17.73,36.1,44.04,88.44,20.92,14.04,61.14,20.95,188.73,69.19,40.79,86.48,45.02,27.4,24.54,66.41,72.51,75.66,55.74,43.11,73.43,49.99
"2012-10-24",13077.34,86.77,8.61,54.88,33.86,9.29,71.44,81.73,107.07,17.11,36.37,43.71,88.14,20.9,13.82,60.67,20.82,188.21,69.04,41.17,85.81,45.01,27.25,24.66,67.04,72.31,76.47,55.48,43.27,73.49,49.88
"2012-10-25",13103.68,86.2,8.64,55.08,33.66,9.22,70.29,82.52,108.29,16.94,36.57,43.96,88.68,20.9,13.97,59.88,21.04,189.08,69.43,41.13,85.86,45.42,27.23,24.95,69,71.27,75.87,55.77,43.29,73.98,49.5
"2012-10-26",13107.21,86.42,8.56,55.39,33.79,9.1,69.87,83.23,108.5,17.03,36.52,43.97,88.87,20.75,13.87,59.44,21.29,190.73,69.2,40.63,85.25,45.28,27.56,24.78,68.38,70.71,76.76,55.34,43.76,73.77,49.32
"2012-10-31",13096.46,86,8.51,55.61,33.75,9.3,69.21,83.79,107.59,16.89,36.66,43.33,89.41,20.7,13.63,60.77,20.98,191.97,69.12,41.14,85.34,44.76,27.88,24.23,68.18,70.1,76.73,55.56,43.67,73.69,48.38
"2012-11-01",13232.62,87.62,8.69,56.48,34.23,9.72,69.55,86.59,108.78,17.24,36.81,43.79,89.83,20.98,13.78,61.64,21.6,194.56,69.79,42.28,85.34,45.07,28.84,23.92,68.19,69.4,77.61,56.5,44.16,72.14,49.03
"2012-11-02",13093.16,87.34,8.59,56.35,34.08,9.83,68.82,84.75,105.76,17.08,36.56,42.97,88.53,20.95,13.54,61.4,21.4,190.89,69.2,41.87,85.4,45.13,28.82,23.92,68.13,68.8,76.64,55.61,43.55,71.48,49.11
"2012-11-05",13112.44,87.96,8.55,56,33.98,9.73,69.18,85.72,106.56,17.13,36.26,43.14,88.88,21.04,13.79,61.76,21.41,191.59,69.09,41.72,85.99,44.8,28.94,23.95,67.62,68.29,76.47,54.85,43.24,71.84,49.56
"2012-11-06",13245.68,89.2,8.68,56.82,33.95,9.92,70.76,87.02,107.7,17.21,36.9,43.36,89.84,21.22,14.17,62,21.3,192.5,69.31,42.32,86.49,45.05,29.17,24.08,67.88,69.34,78.5,55.95,43.33,72.45,49.71
"2012-11-07",12932.73,87.75,8.42,55.21,32.82,9.21,69.31,83.99,104.92,16.95,36.21,42.66,87.02,20.77,13.48,61.37,20.49,189.47,68.65,39.95,85.4,43.62,28.41,23.76,67.02,67.9,76.25,53.84,42.25,71.81,49.32
"2012-11-08",12811.32,86.93,8.33,55.2,32.39,9.37,70.17,82.65,103.32,16.57,35.85,42.1,85.92,20.53,13.6,60.26,20.42,188.42,67.98,39.88,83.7,43.01,28.14,23.75,65.89,68.18,74.76,53.02,41.68,71.19,49.28
"2012-11-09",12815.39,87.19,8.37,55.47,32.72,9.41,72.41,83.92,103.29,16.56,35.78,42.18,86.06,20.64,13.4,60.35,20.39,187.96,68.2,40.09,83.31,43.21,28.16,23.76,65.99,68.16,74.45,52.49,41.71,71.02,46.35
"2012-11-12",12815.08,87.55,8.37,55.16,33.04,9.37,72.85,84.15,103.38,16.6,35.58,41.97,86.17,20.53,13.2,60.55,20.36,187.58,68.01,40.05,83.45,43.19,27.57,23.7,66.06,67.62,75.54,51.79,41.63,71.19,46.73
"2012-11-13",12756.18,87.45,8.25,54.39,33.12,9.31,72.52,82.25,102.75,16.59,35.66,42.18,85.33,20.33,12.93,62.75,19.88,186.66,67.84,39.52,83.22,42.85,26.68,23.64,65.83,67.42,75.59,51.78,41.61,70.53,47.23
"2012-11-14",12570.95,85.71,8.08,53.31,32.96,8.97,70.47,80.12,100.89,17.39,35.51,41.54,84.94,19.67,12.93,60.86,19.56,183.87,67.61,38.78,83.2,42.23,26.43,23.41,65.51,67.26,73.79,50.85,41.32,70.04,46.46
"2012-11-15",12570.95,86.41,8,53.3,32.6,9.07,70.23,80.32,100.03,17.67,35.92,41.38,85.01,19.72,12.87,60.64,19.63,184.21,67.41,38.88,82.64,41.99,26.26,23.26,65.31,67.51,73.98,50.85,40.79,67.5,46.75
"2012-11-16",12588.31,86.88,8.12,53.95,32.33,9.1,69.96,80.94,100.8,17.71,36.05,41.24,85.31,19.81,12.65,61.5,19.79,185.29,67.53,39.02,82.7,42.25,26.12,23.46,65.8,67.84,74.39,51.49,40.5,66.82,46.7
"2012-11-19",12795.96,87.93,8.28,54.88,32.99,9.47,71.13,82.61,102.72,18.02,36.72,42.2,86.51,20.31,13.09,62.7,19.85,188.67,67.59,40.06,83.61,42.52,26.33,23.73,66.88,68.72,75.7,52.5,41.88,67.79,47.19
"2012-11-20",12788.51,87.97,8.19,55.5,32.86,9.61,71.71,82.32,101.94,18.06,36.73,42.07,86.35,20.27,11.53,63.19,19.12,187.53,68,40.17,84.24,42.73,26.31,23.87,67.26,68.82,75.81,52.72,41.89,67.77,47.71
"2012-11-21",12836.89,87.89,8.21,55.62,33.02,9.75,72.31,82.05,102.47,18.2,36.87,41.7,86.85,20.33,11.75,63.45,18.98,188.61,67.92,40.2,84.56,43.06,26.54,23.94,67.42,69.39,76.44,53.11,42.22,67.66,47.94
"2012-11-23",13009.68,89.22,8.29,56.15,33.52,9.88,72.89,83.14,103.82,18.55,37.4,42.39,87.92,20.68,12.24,64.18,19.33,191.78,68.49,40.56,85.58,43.44,27.28,24.12,68.53,70.43,77.71,53.5,42.81,68.95,48.51
"2012-11-26",12967.37,89.03,8.25,55.33,33.14,9.82,73.42,83.63,103.35,18.77,36.84,42.61,87.45,20.7,12.54,64.03,19.49,191.18,68.03,40.35,84.79,43.36,26.98,24.08,68.42,70.02,77.78,53.11,42.36,68.67,48.29
"2012-11-27",12878.13,89.25,8.22,54.09,32.8,9.64,73.64,83,101.76,18.81,36.9,42.7,86.2,20.51,12.17,63.81,19.53,189.54,67.75,40.22,84.47,43.05,26.67,23.84,67.94,69.99,77.92,52.18,42.04,68.26,47.86
"2012-11-28",12985.11,89.86,8.34,55.15,32.8,9.74,73.24,83.91,103.93,18.68,37.29,42.5,86.94,20.78,12.53,64.48,19.69,190.28,68.23,40.3,85.06,43.75,26.95,24.25,68.38,70.12,78.88,52.34,42.61,69.31,48.46
"2012-11-29",13021.82,89.58,8.34,55.56,33.1,9.81,73.27,85.21,104.13,18.86,37.7,42.8,86.96,20.77,12.69,63.89,19.14,189.84,68.16,40.68,85.8,43.86,26.54,24.43,68.44,70.34,78.84,53.93,43.05,69.57,48.97
"2012-11-30",13025.58,89.88,8.35,55.54,33.3,9.84,73.43,84.21,104.03,18.76,37.65,42.41,86.98,20.77,12.79,64.71,19.18,188.39,68.66,40.55,86.34,43.46,26.22,24.6,68.76,69.98,79.19,53.96,43.16,70.74,48.91
"2012-12-03",12965.6,89.24,8.35,55.63,33.31,9.78,73.17,83.47,103.02,18.88,37.11,41.67,86.46,20.46,12.67,64.62,19.15,187.81,68.58,40.28,86.36,43.6,26.03,24.67,68.52,70.11,78.88,53.47,43.14,70.07,48.54
"2012-12-04",12951.78,89.06,8.36,55.48,33.09,9.89,73.2,83.14,102.33,19.02,36.88,41.76,86.04,20.5,13.32,63.89,19.57,187.69,68.79,40.04,86.5,43.56,25.97,24.75,68.25,69.7,79.22,53.12,42.72,70.84,48.55
"2012-12-05",13034.49,89.69,8.51,56.04,33.08,10.45,73.02,85.01,103.52,19.06,37.04,41.9,86.57,20.87,13.6,63.67,19.46,186.98,68.9,40.66,86.27,43.55,26.27,25.21,68.35,73.12,79.31,53.42,43.14,70.77,48.84
"2012-12-06",13074.04,89.88,8.51,55.76,32.83,10.45,73.13,84.91,104.78,19.32,37.11,42.14,86.84,21,13.61,63.99,19.76,188.02,68.98,40.93,87.39,43.67,26.33,25.18,68.88,72.74,79.94,53.23,43.48,70.71,49.06
"2012-12-07",13155.13,90.43,8.44,56.25,32.92,10.63,73.78,85.94,105.31,19.18,37.44,42.45,87.43,21.09,13.72,64.1,19.76,190.25,69.37,42.01,87.77,43.78,26.06,25.13,69.22,72.98,80.06,53.66,43.44,71.4,49.24
"2012-12-10",13169.88,90.79,8.51,56.39,32.91,10.56,74.66,86.18,105.28,19.63,37.37,42.49,87.25,21.02,14.07,62.7,19.68,190.92,69.52,41.76,88.69,43.64,26.53,24.98,69.15,72.93,80.08,53.98,43.07,71.26,49.3
"2012-12-11",13248.44,92.58,8.62,56.69,33.32,10.5,74.95,86.28,106.05,19.62,37.59,42.95,87.82,21.14,14.17,62.55,20.24,192.48,70.01,42.09,88.9,44.33,26.91,25.21,69.58,73.02,80.26,54.55,43.47,70.02,49.48
"2012-12-12",13245.45,92.02,8.59,57.3,33.65,10.6,74.6,86.89,106.39,19.57,37.37,43.55,88.27,21.41,14.44,62.59,20.26,191.24,69.87,42.21,88.6,44.4,26.83,25.08,69.68,72.9,80.07,55.04,43.81,68.09,49.64
"2012-12-13",13170.72,91.41,8.53,57.35,33.48,10.53,73.47,87.29,106.22,19.58,37.33,43.23,87.41,21.25,14.41,62.07,20.08,190.29,69.66,42.22,88.46,43.53,26.7,24.9,69.06,72.82,79.45,54.17,43.55,68.19,49.11
"2012-12-14",13135.01,91.19,8.68,56.29,33.18,10.57,73.17,87.93,106.13,19.7,37.39,43.34,86.92,21.25,14.66,61.72,20.12,190.07,69.61,42.25,88.17,43.12,26.4,24.76,68.86,72.96,79.06,53.84,43.25,67.9,48.67
"2012-12-17",13235.39,91.93,8.69,56.9,33.39,10.99,73.79,88.56,106.98,19.95,37.23,43.87,87.7,21.56,14.12,62.96,20.16,191.91,69.85,42.92,89.19,43.21,26.69,24.93,68.86,73.77,79.07,54.15,43.16,68.35,49.28
"2012-12-18",13350.96,92.75,8.85,57.45,33.5,11.35,74.65,89.67,108.38,20.22,37.01,44.13,88.38,21.32,14.44,62.66,20.54,193.96,69.86,43.3,89.8,43.82,27.14,25.21,68.9,73.91,81.29,54.74,42.91,68.64,50.22
"2012-12-19",13251.97,91.92,8.58,56.43,33.08,11.18,74.64,89.69,108.19,20.11,36.52,44.09,87.27,20.65,14.29,61.43,20.68,193.36,69.55,42.96,88.99,43.24,26.9,24.92,68.28,73.02,82.08,54.28,42.43,67.67,49.94
"2012-12-20",13311.72,93.02,8.64,57.03,33.34,11.51,75.33,88.93,108.65,20.08,36.78,44.56,87.72,20.88,14.34,61.63,20.61,193.05,69.66,43.95,89.32,41.76,27.26,25,68.75,73.4,82.21,55.25,42.86,68.15,50.93
"2012-12-21",13190.84,92,8.51,57.28,32.85,11.28,75.3,87.34,107.99,19.8,36.62,44.17,86.08,20.71,14.25,60.98,20.36,191.71,69.19,43.43,89.46,41.12,27.04,24.66,67.67,72.41,81.59,54.82,42.62,67.8,50
"2012-12-24",13139.08,92.09,8.56,57.16,32.92,11.24,75.1,86.92,106.93,19.67,36.47,44.08,85.77,20.65,13.92,61.23,20.23,190.7,68.95,43.35,88.58,41.02,26.65,24.66,67.47,71.95,81.3,54.64,42.59,67.72,49.88
"2012-12-26",13114.59,91.97,8.67,56.76,32.96,11.53,75.15,87.11,106.76,19.76,36.16,44.32,85.92,20.6,14.03,60.81,20.24,190.25,69.09,43.39,88.03,40.95,26.45,24.81,66.96,71.86,81.17,54.01,42.5,67.15,49.85
"2012-12-27",13096.31,91.55,8.56,56.33,32.84,11.46,74.96,87.1,106.82,19.49,36.16,44.3,85.72,20.52,13.95,60.74,20.1,191.01,69.02,43.06,88.01,40.81,26.55,24.72,66.93,71.41,81.13,54.23,42.53,67.35,49.53
"2012-12-28",12938.11,90.7,8.44,56.31,32.51,11.35,73.83,86.26,104.78,19.29,35.71,43.95,83.98,20.27,13.59,60.32,19.83,188.15,68.41,42.68,86.88,40.25,26.15,24.47,66.12,70.84,79.88,53.65,41.96,66.78,49.15
"2012-12-31",13104.14,91.76,8.62,57.11,32.89,11.6,74.5,89.04,106.45,19.49,35.99,44.22,85.41,20.82,14.16,61.51,20.21,189.86,69.02,43.4,87.5,40.55,26.31,24.66,66.85,71.41,81.07,54.03,42.33,67.39,49.79
